name,bonus,deferral_payments,deferred_income,director_fees,email_address,exercised_stock_options,expenses,from_messages,from_poi_to_this_person,from_this_person_to_poi,loan_advances,long_term_incentive,other,restricted_stock,restricted_stock_deferred,salary,shared_receipt_with_poi,to_messages,total_payments,total_stock_value
BELDEN TIMOTHY N,5249999,2144013,-2334434,NaN,tim.belden@enron.com,953136,17355,484,228,108,NaN,NaN,210698,157569,NaN,213999,5521,7991,5501630,1110705
BOWEN JR RAYMOND M,1350000,NaN,-833,NaN,raymond.bowen@enron.com,NaN,65907,27,140,15,NaN,974293,1621,252055,NaN,278601,1593,1858,2669589,252055
HANNON KEVIN P,1500000,NaN,-3117011,NaN,kevin.hannon@enron.com,5538001,34039,32,32,21,NaN,1617011,11350,853064,NaN,243293,1035,1045,288682,6391065
DELAINEY DAVID W,3000000,NaN,NaN,NaN,david.delainey@enron.com,2291113,86174,3069,66,609,NaN,1294981,1661,1323148,NaN,365163,2097,3093,4747979,3614261
CAUSEY RICHARD A,1000000,NaN,-235000,NaN,richard.causey@enron.com,NaN,30674,49,58,12,NaN,350000,307895,2502063,NaN,415189,1585,1892,1868758,2502063
HICKERSON GARY J,1700000,NaN,NaN,NaN,gary.hickerson@enron.com,NaN,98849,27,40,1,NaN,69223,1936,441096,NaN,211788,900,1320,2081796,441096
FREVERT MARK A,2000000,6426990,-3367011,NaN,mark.frevert@enron.com,10433518,86987,21,242,6,2000000,1617011,7427621,4188667,NaN,1060932,2979,3275,17252530,14622185
CHAN RONNIE,NaN,NaN,-98784,98784,NaN,NaN,NaN,NaN,NaN,NaN,NaN,NaN,NaN,32460,-32460,NaN,NaN,NaN,NaN,NaN
DONAHUE JR JEFFREY M,800000,NaN,-300000,NaN,jeff.donahue@enron.com,765920,96268,22,188,11,NaN,NaN,891,315068,NaN,278601,772,865,875760,1080988
REYNOLDS LAWRENCE,100000,51365,-200000,NaN,NaN,4160672,8409,NaN,NaN,NaN,NaN,156250,202052,201483,-140264,76399,NaN,NaN,394475,4221891
HORTON STANLEY C,NaN,3131860,NaN,NaN,stanley.horton@enron.com,5210569,NaN,1073,44,15,NaN,NaN,NaN,2046079,NaN,NaN,1074,2350,3131860,7256648
LEWIS RICHARD,NaN,NaN,NaN,NaN,richard.lewis@enron.com,850477,NaN,26,10,0,NaN,NaN,NaN,NaN,NaN,NaN,739,952,NaN,850477
SHERRICK JEFFREY B,NaN,NaN,NaN,NaN,jeffrey.sherrick@enron.com,1426469,NaN,25,39,18,NaN,NaN,NaN,405999,NaN,NaN,583,613,NaN,1832468
MEYER JEROME J,NaN,NaN,-38346,38346,NaN,NaN,2151,NaN,NaN,NaN,NaN,NaN,NaN,NaN,NaN,NaN,NaN,NaN,2151,NaN
DERRICK JR. JAMES V,800000,NaN,-1284000,NaN,james.derrick@enron.com,8831913,51124,909,64,20,NaN,484000,7482,1787380,-1787380,492375,1401,2181,550981,8831913
PIRO JIM,NaN,NaN,NaN,NaN,jim.piro@enron.com,NaN,NaN,16,0,1,NaN,NaN,NaN,47304,NaN,NaN,3,58,NaN,47304
DETMERING TIMOTHY J,425000,875307,-775241,NaN,timothy.detmering@enron.com,2027865,52255,NaN,NaN,NaN,NaN,415657,1105,315068,-315068,210500,NaN,NaN,1204583,2027865
KISHKILL JOSEPH G,NaN,NaN,-51042,NaN,joe.kishkill@enron.com,NaN,116335,NaN,NaN,NaN,NaN,NaN,465357,1034346,NaN,174246,NaN,NaN,704896,1034346
BAY FRANKLIN R,400000,260455,-201641,NaN,frank.bay@enron.com,NaN,129142,NaN,NaN,NaN,NaN,NaN,69,145796,-82782,239671,NaN,NaN,827696,63014
PRENTICE JAMES,NaN,564348,NaN,NaN,james.prentice@enron.com,886231,NaN,NaN,NaN,NaN,NaN,NaN,NaN,208809,NaN,NaN,NaN,NaN,564348,1095040
TOTAL,97343619,32083396,-27992891,1398517,NaN,311764000,5235198,NaN,NaN,NaN,83925000,48521928,42667589,130322299,-7576788,26704229,NaN,NaN,309886585,434509511
FALLON JAMES B,2500000,NaN,NaN,NaN,jim.fallon@enron.com,940257,95924,75,42,37,NaN,374347,401481,1392142,NaN,304588,1604,1755,3676340,2332399
METTS MARK,600000,NaN,NaN,NaN,mark.metts@enron.com,NaN,94299,29,38,1,NaN,NaN,1740,585062,NaN,365788,702,807,1061827,585062
WODRASKA JOHN,NaN,NaN,NaN,NaN,john.wodraska@enron.com,NaN,NaN,NaN,NaN,NaN,NaN,NaN,189583,NaN,NaN,NaN,NaN,NaN,189583,NaN
MORDAUNT KRISTINA M,325000,NaN,NaN,NaN,kristina.mordaunt@enron.com,NaN,35018,NaN,NaN,NaN,NaN,NaN,1411,208510,NaN,267093,NaN,NaN,628522,208510
CARTER REBECCA C,300000,NaN,-159792,NaN,rebecca.carter@enron.com,NaN,NaN,15,29,7,NaN,75000,540,307301,-307301,261809,196,312,477557,NaN
BHATNAGAR SANJAY,NaN,NaN,NaN,137864,sanjay.bhatnagar@enron.com,2604490,NaN,29,0,1,NaN,NaN,137864,-2604490,15456290,NaN,463,523,15456290,NaN
WALTERS GARETH W,NaN,53625,NaN,NaN,NaN,1030329,33785,NaN,NaN,NaN,NaN,NaN,NaN,NaN,NaN,NaN,NaN,NaN,87410,1030329
BIBI PHILIPPE A,1000000,NaN,NaN,NaN,philippe.bibi@enron.com,1465734,38559,40,23,8,NaN,369721,425688,378082,NaN,213625,1336,1607,2047593,1843816
SHERRIFF JOHN R,1500000,NaN,NaN,NaN,john.sherriff@enron.com,1835558,NaN,92,28,23,NaN,554422,1852186,1293424,NaN,428780,2103,3187,4335388,3128982
GIBBS DANA R,NaN,504610,NaN,NaN,dana.gibbs@enron.com,2218275,NaN,12,0,0,NaN,461912,NaN,NaN,NaN,NaN,23,169,966522,2218275
LINDHOLM TOD A,200000,204075,NaN,NaN,tod.lindholm@enron.com,2549361,57727,NaN,NaN,NaN,NaN,175000,2630,514847,NaN,236457,NaN,NaN,875889,3064208
MCMAHON JEFFREY,2600000,NaN,NaN,NaN,jeffrey.mcmahon@enron.com,1104054,137108,48,58,26,NaN,694862,297353,558801,NaN,370448,2228,2355,4099771,1662855
